{"nu": 0.29493735121762316, "gamma": 1.3849551599890813}